class_term,members,note
anticoagulant,Warfarin|Heparin|Enoxaparin|Dabigatran etexilate|Apixaban|Rivaroxaban|Acenocoumarol,retrieval prefilter only; never a fact
anticoagulants,Warfarin|Heparin|Enoxaparin|Dabigatran etexilate|Apixaban|Rivaroxaban|Acenocoumarol,
antiplatelet,Acetylsalicylic acid|Clopidogrel|Prasugrel|Ticagrelor,
antiplatelets,Acetylsalicylic acid|Clopidogrel|Prasugrel|Ticagrelor,
nsaid,Ibuprofen|Diclofenac|Naproxen|Acetylsalicylic acid|Indomethacin|Ketorolac|Mefenamic acid,
nsaids,Ibuprofen|Diclofenac|Naproxen|Acetylsalicylic acid|Indomethacin|Ketorolac|Mefenamic acid,
statin,Atorvastatin|Simvastatin|Rosuvastatin|Pravastatin|Lovastatin,
statins,Atorvastatin|Simvastatin|Rosuvastatin|Pravastatin|Lovastatin,
ppi,Omeprazole|Pantoprazole|Esomeprazole|Lansoprazole|Rabeprazole,
ppis,Omeprazole|Pantoprazole|Esomeprazole|Lansoprazole|Rabeprazole,
proton pump inhibitor,Omeprazole|Pantoprazole|Esomeprazole|Lansoprazole|Rabeprazole,
ace inhibitor,Enalapril|Ramipril|Lisinopril|Captopril|Perindopril,
ace inhibitors,Enalapril|Ramipril|Lisinopril|Captopril|Perindopril,
acei,Enalapril|Ramipril|Lisinopril|Captopril|Perindopril,
arb,Losartan|Telmisartan|Olmesartan|Valsartan|Irbesartan,
arbs,Losartan|Telmisartan|Olmesartan|Valsartan|Irbesartan,
raas blockers,Enalapril|Ramipril|Lisinopril|Captopril|Perindopril|Losartan|Telmisartan|Olmesartan|Valsartan|Irbesartan,
mra,Spironolactone|Eplerenone,
potassium supplements,Potassium chloride,
macrolide,Clarithromycin|Azithromycin|Erythromycin,
macrolides,Clarithromycin|Azithromycin|Erythromycin,
azole antifungals,Fluconazole|Itraconazole|Ketoconazole|Voriconazole,
sulfonylurea,Glimepiride|Glyburide|Glipizide,
sulfonylureas,Glimepiride|Glyburide|Glipizide,
beta blocker,Metoprolol|Atenolol|Bisoprolol|Carvedilol|Nebivolol|Propranolol,
beta blockers,Metoprolol|Atenolol|Bisoprolol|Carvedilol|Nebivolol|Propranolol,
thiazide,Hydrochlorothiazide|Chlorthalidone|Indapamide,
